<?xml version="1.0" encoding="UTF-8"?>
<mule xmlns:ee="http://www.mulesoft.org/schema/mule/ee/core" xmlns:doc="http://www.mulesoft.org/schema/mule/documentation" xmlns:wsc="http://www.mulesoft.org/schema/mule/wsc" xmlns="http://www.mulesoft.org/schema/mule/core" xmlns:apikit="http://www.mulesoft.org/schema/mule/mule-apikit" xmlns:http="http://www.mulesoft.org/schema/mule/http" xmlns:xsi="http://www.w3.org/2001/XMLSchema-instance" xsi:schemaLocation="http://www.mulesoft.org/schema/mule/core http://www.mulesoft.org/schema/mule/core/current/mule.xsd http://www.mulesoft.org/schema/mule/http http://www.mulesoft.org/schema/mule/http/current/mule-http.xsd http://www.mulesoft.org/schema/mule/mule-apikit http://www.mulesoft.org/schema/mule/mule-apikit/current/mule-apikit.xsd 
http://www.mulesoft.org/schema/mule/wsc http://www.mulesoft.org/schema/mule/wsc/current/mule-wsc.xsd
http://www.mulesoft.org/schema/mule/ee/core http://www.mulesoft.org/schema/mule/ee/core/current/mule-ee.xsd">
    <http:listener-config name="retailapi-httpListenerConfig">
        <http:listener-connection host="0.0.0.0" port="8081" />
    </http:listener-config>
    <apikit:config name="retailapi-config" api="resource::5053a311-90ff-432c-9739-b30596355329:retailapi:1.0.2:raml:zip:retailapi.raml" outboundHeadersMapName="outboundHeaders" httpStatusVarName="httpStatus" />
    <wsc:config name="Web_Service_Consumer_Config" doc:name="Web Service Consumer Config" doc:id="a3ab78d3-e856-4ccf-a6f9-ca85761748d0" >
		<wsc:connection wsdlLocation="http://dev.icraftsoft.net:8093/ws/retail.wsdl" service="RetailPortService" port="RetailPortSoap11" address="http://dev.icraftsoft.net:8093/ws" >
			<wsc:web-service-security actor="http://schemas.xmlsoap.org/soap/actor/next" />
		</wsc:connection>
	</wsc:config>
	<flow name="retailapi-main">
        <http:listener config-ref="retailapi-httpListenerConfig" path="/api/*">
            <http:response statusCode="#[vars.httpStatus default 200]">
                <http:headers>#[vars.outboundHeaders default {}]</http:headers>
            </http:response>
            <http:error-response statusCode="#[vars.httpStatus default 500]">
                <http:body>#[payload]</http:body>
                <http:headers>#[vars.outboundHeaders default {}]</http:headers>
            </http:error-response>
        </http:listener>
        <apikit:router config-ref="retailapi-config" />
        <error-handler>
            <on-error-propagate type="APIKIT:BAD_REQUEST">
                <ee:transform xmlns:ee="http://www.mulesoft.org/schema/mule/ee/core" xsi:schemaLocation="http://www.mulesoft.org/schema/mule/ee/core http://www.mulesoft.org/schema/mule/ee/core/current/mule-ee.xsd">
                    <ee:message>
                        <ee:set-payload><![CDATA[%dw 2.0
output application/json
---
{message: "Bad request"}]]></ee:set-payload>
                    </ee:message>
                    <ee:variables>
                        <ee:set-variable variableName="httpStatus">400</ee:set-variable>
                    </ee:variables>
                </ee:transform>
            </on-error-propagate>
            <on-error-propagate type="APIKIT:NOT_FOUND">
                <ee:transform xmlns:ee="http://www.mulesoft.org/schema/mule/ee/core" xsi:schemaLocation="http://www.mulesoft.org/schema/mule/ee/core http://www.mulesoft.org/schema/mule/ee/core/current/mule-ee.xsd">
                    <ee:message>
                        <ee:set-payload><![CDATA[%dw 2.0
output application/json
---
{message: "Resource not found"}]]></ee:set-payload>
                    </ee:message>
                    <ee:variables>
                        <ee:set-variable variableName="httpStatus">404</ee:set-variable>
                    </ee:variables>
                </ee:transform>
            </on-error-propagate>
            <on-error-propagate type="APIKIT:METHOD_NOT_ALLOWED">
                <ee:transform xmlns:ee="http://www.mulesoft.org/schema/mule/ee/core" xsi:schemaLocation="http://www.mulesoft.org/schema/mule/ee/core http://www.mulesoft.org/schema/mule/ee/core/current/mule-ee.xsd">
                    <ee:message>
                        <ee:set-payload><![CDATA[%dw 2.0
output application/json
---
{message: "Method not allowed"}]]></ee:set-payload>
                    </ee:message>
                    <ee:variables>
                        <ee:set-variable variableName="httpStatus">405</ee:set-variable>
                    </ee:variables>
                </ee:transform>
            </on-error-propagate>
            <on-error-propagate type="APIKIT:NOT_ACCEPTABLE">
                <ee:transform xmlns:ee="http://www.mulesoft.org/schema/mule/ee/core" xsi:schemaLocation="http://www.mulesoft.org/schema/mule/ee/core http://www.mulesoft.org/schema/mule/ee/core/current/mule-ee.xsd">
                    <ee:message>
                        <ee:set-payload><![CDATA[%dw 2.0
output application/json
---
{message: "Not acceptable"}]]></ee:set-payload>
                    </ee:message>
                    <ee:variables>
                        <ee:set-variable variableName="httpStatus">406</ee:set-variable>
                    </ee:variables>
                </ee:transform>
            </on-error-propagate>
            <on-error-propagate type="APIKIT:UNSUPPORTED_MEDIA_TYPE">
                <ee:transform xmlns:ee="http://www.mulesoft.org/schema/mule/ee/core" xsi:schemaLocation="http://www.mulesoft.org/schema/mule/ee/core http://www.mulesoft.org/schema/mule/ee/core/current/mule-ee.xsd">
                    <ee:message>
                        <ee:set-payload><![CDATA[%dw 2.0
output application/json
---
{message: "Unsupported media type"}]]></ee:set-payload>
                    </ee:message>
                    <ee:variables>
                        <ee:set-variable variableName="httpStatus">415</ee:set-variable>
                    </ee:variables>
                </ee:transform>
            </on-error-propagate>
            <on-error-propagate type="APIKIT:NOT_IMPLEMENTED">
                <ee:transform xmlns:ee="http://www.mulesoft.org/schema/mule/ee/core" xsi:schemaLocation="http://www.mulesoft.org/schema/mule/ee/core http://www.mulesoft.org/schema/mule/ee/core/current/mule-ee.xsd">
                    <ee:message>
                        <ee:set-payload><![CDATA[%dw 2.0
output application/json
---
{message: "Not Implemented"}]]></ee:set-payload>
                    </ee:message>
                    <ee:variables>
                        <ee:set-variable variableName="httpStatus">501</ee:set-variable>
                    </ee:variables>
                </ee:transform>
            </on-error-propagate>
        </error-handler>
    </flow>
    <flow name="retailapi-console">
        <http:listener config-ref="retailapi-httpListenerConfig" path="/console/*">
            <http:response statusCode="#[vars.httpStatus default 200]">
                <http:headers>#[vars.outboundHeaders default {}]</http:headers>
            </http:response>
            <http:error-response statusCode="#[vars.httpStatus default 500]">
                <http:body>#[payload]</http:body>
                <http:headers>#[vars.outboundHeaders default {}]</http:headers>
            </http:error-response>
        </http:listener>
        <apikit:console config-ref="retailapi-config" />
        <error-handler>
            <on-error-propagate type="APIKIT:NOT_FOUND">
                <ee:transform xmlns:ee="http://www.mulesoft.org/schema/mule/ee/core" xsi:schemaLocation="http://www.mulesoft.org/schema/mule/ee/core http://www.mulesoft.org/schema/mule/ee/core/current/mule-ee.xsd">
                    <ee:message>
                        <ee:set-payload><![CDATA[%dw 2.0
output application/json
---
{message: "Resource not found"}]]></ee:set-payload>
                    </ee:message>
                    <ee:variables>
                        <ee:set-variable variableName="httpStatus">404</ee:set-variable>
                    </ee:variables>
                </ee:transform>
            </on-error-propagate>
        </error-handler>
    </flow>
    <flow name="put:\Products\(Productid):retailapi-config">
        <ee:transform xmlns:ee="http://www.mulesoft.org/schema/mule/ee/core">
            <ee:variables>
                <ee:set-variable variableName="Productid">attributes.uriParams.'Productid'</ee:set-variable>
            </ee:variables>
        </ee:transform>
        <wsc:consume operation="UpdateProduct" doc:name="Consume" doc:id="61888af9-d8e3-4d9a-ac15-23332adff3b6" config-ref="Web_Service_Consumer_Config"/>
		<ee:transform xmlns:ee="http://www.mulesoft.org/schema/mule/ee/core" xsi:schemaLocation="http://www.mulesoft.org/schema/mule/ee/core http://www.mulesoft.org/schema/mule/ee/core/current/mule-ee.xsd">
            <ee:message>
                <ee:set-payload><![CDATA[%dw 2.0
output application/json
---
{
  message: "updated"
}]]></ee:set-payload>
            </ee:message>
        </ee:transform>
    </flow>
    <flow name="delete:\Bills\(Billid):retailapi-config">
        <ee:transform xmlns:ee="http://www.mulesoft.org/schema/mule/ee/core">
            <ee:variables>
                <ee:set-variable variableName="Billid">attributes.uriParams.'Billid'</ee:set-variable>
            </ee:variables>
        </ee:transform>
        <wsc:consume operation="DeleteBill" doc:name="Consume" doc:id="16a16da0-38b8-40f3-abfc-1adeb4935e51" config-ref="Web_Service_Consumer_Config"/>
		<ee:transform xmlns:ee="http://www.mulesoft.org/schema/mule/ee/core" xsi:schemaLocation="http://www.mulesoft.org/schema/mule/ee/core http://www.mulesoft.org/schema/mule/ee/core/current/mule-ee.xsd">
            <ee:message>
                <ee:set-payload><![CDATA[%dw 2.0
output application/json
---
{
  Message: "Successfull Deleted"
}]]></ee:set-payload>
            </ee:message>
        </ee:transform>
    </flow>
    <flow name="delete:\Products\(Productid):retailapi-config">
        <ee:transform xmlns:ee="http://www.mulesoft.org/schema/mule/ee/core">
            <ee:variables>
                <ee:set-variable variableName="Productid">attributes.uriParams.'Productid'</ee:set-variable>
            </ee:variables>
        </ee:transform>
        <wsc:consume operation="DeleteProduct" doc:name="Consume" doc:id="5ea90c40-bcb5-4d55-a82f-8e5594bd38d5" config-ref="Web_Service_Consumer_Config"/>
		<ee:transform xmlns:ee="http://www.mulesoft.org/schema/mule/ee/core" xsi:schemaLocation="http://www.mulesoft.org/schema/mule/ee/core http://www.mulesoft.org/schema/mule/ee/core/current/mule-ee.xsd">
            <ee:message>
                <ee:set-payload><![CDATA[%dw 2.0
output application/json
---
{
  Message: "Successfull Deleted"
}]]></ee:set-payload>
            </ee:message>
        </ee:transform>
    </flow>
    <flow name="delete:\ProductCatagory\(productCategoryid):retailapi-config">
        <ee:transform xmlns:ee="http://www.mulesoft.org/schema/mule/ee/core">
            <ee:variables>
                <ee:set-variable variableName="productCategoryid">attributes.uriParams.'productCategoryid'</ee:set-variable>
            </ee:variables>
        </ee:transform>
        <wsc:consume operation="DeleteProductCategory" doc:name="Consume" doc:id="25a2e7c5-5e15-4d71-b1bd-97f2fb1bb45c" config-ref="Web_Service_Consumer_Config"/>
		<ee:transform xmlns:ee="http://www.mulesoft.org/schema/mule/ee/core" xsi:schemaLocation="http://www.mulesoft.org/schema/mule/ee/core http://www.mulesoft.org/schema/mule/ee/core/current/mule-ee.xsd">
            <ee:message>
                <ee:set-payload><![CDATA[%dw 2.0
output application/json
---
{
  Message: "Successfull Deleted"
}]]></ee:set-payload>
            </ee:message>
        </ee:transform>
    </flow>
    <flow name="get:\Bills:retailapi-config">
        <ee:transform xmlns:ee="http://www.mulesoft.org/schema/mule/ee/core" xsi:schemaLocation="http://www.mulesoft.org/schema/mule/ee/core http://www.mulesoft.org/schema/mule/ee/core/current/mule-ee.xsd">
            <ee:message>
                <ee:set-payload><![CDATA[%dw 2.0
output application/json
---
{
  id: "ba",
  noOfItems: 125,
  totalCost: 250000,
  totalTax: 2500,
  totalValue: 20000
}]]></ee:set-payload>
            </ee:message>
        </ee:transform>
    </flow>
    <flow name="get:\ProductCatagory:retailapi-config">
        <ee:transform xmlns:ee="http://www.mulesoft.org/schema/mule/ee/core" xsi:schemaLocation="http://www.mulesoft.org/schema/mule/ee/core http://www.mulesoft.org/schema/mule/ee/core/current/mule-ee.xsd">
            <ee:message>
                <ee:set-payload><![CDATA[%dw 2.0
output application/json
---
{
  id: "pc",
  name: "HP PC"
}]]></ee:set-payload>
            </ee:message>
        </ee:transform>
    </flow>
    <flow name="get:\Products:retailapi-config">
        <ee:transform xmlns:ee="http://www.mulesoft.org/schema/mule/ee/core" xsi:schemaLocation="http://www.mulesoft.org/schema/mule/ee/core http://www.mulesoft.org/schema/mule/ee/core/current/mule-ee.xsd">
            <ee:message>
                <ee:set-payload><![CDATA[%dw 2.0
output application/json
---
{
  id: "p123",
  name: "HP Desktop",
  barcode: 233123456,
  rate: 25,
  productCategory: "Electronics"
}]]></ee:set-payload>
            </ee:message>
        </ee:transform>
    </flow>
    <flow name="get:\Bills\(Billid):retailapi-config">
        <ee:transform xmlns:ee="http://www.mulesoft.org/schema/mule/ee/core">
            <ee:variables>
                <ee:set-variable variableName="Billid">attributes.uriParams.'Billid'</ee:set-variable>
            </ee:variables>
        </ee:transform>
        <wsc:consume operation="GetBill" doc:name="Consume" doc:id="dd0bdf5d-79b9-4875-a1ff-6e6b175c51ec" config-ref="Web_Service_Consumer_Config"/>
		<ee:transform xmlns:ee="http://www.mulesoft.org/schema/mule/ee/core" xsi:schemaLocation="http://www.mulesoft.org/schema/mule/ee/core http://www.mulesoft.org/schema/mule/ee/core/current/mule-ee.xsd">
            <ee:message>
                <ee:set-payload><![CDATA[%dw 2.0
output application/json
---
{
  Message: "not_found"
}]]></ee:set-payload>
            </ee:message>
        </ee:transform>
    </flow>
    <flow name="get:\Products\(Productid):retailapi-config">
        <ee:transform xmlns:ee="http://www.mulesoft.org/schema/mule/ee/core">
            <ee:variables>
                <ee:set-variable variableName="Productid">attributes.uriParams.'Productid'</ee:set-variable>
            </ee:variables>
        </ee:transform>
        <wsc:consume operation="GetProduct" doc:name="Consume" doc:id="deab1125-ff50-46cb-84d1-673ce0b91d32" config-ref="Web_Service_Consumer_Config"/>
		<ee:transform xmlns:ee="http://www.mulesoft.org/schema/mule/ee/core" xsi:schemaLocation="http://www.mulesoft.org/schema/mule/ee/core http://www.mulesoft.org/schema/mule/ee/core/current/mule-ee.xsd">
            <ee:message>
                <ee:set-payload><![CDATA[%dw 2.0
output application/json
---
{
  Message: "not_found"
}]]></ee:set-payload>
            </ee:message>
        </ee:transform>
    </flow>
    <flow name="get:\ProductCatagory\(productCategoryid):retailapi-config">
        <ee:transform xmlns:ee="http://www.mulesoft.org/schema/mule/ee/core">
            <ee:variables>
                <ee:set-variable variableName="productCategoryid">attributes.uriParams.'productCategoryid'</ee:set-variable>
            </ee:variables>
        </ee:transform>
        <wsc:consume operation="GetProductCategory" doc:name="Consume" doc:id="700a508e-f1e6-4665-8a71-b9c53a186779" config-ref="Web_Service_Consumer_Config"/>
		<ee:transform xmlns:ee="http://www.mulesoft.org/schema/mule/ee/core" xsi:schemaLocation="http://www.mulesoft.org/schema/mule/ee/core http://www.mulesoft.org/schema/mule/ee/core/current/mule-ee.xsd">
            <ee:message>
                <ee:set-payload><![CDATA[%dw 2.0
output application/json
---
{
  id: "pc",
  name: "HP PC"
}]]></ee:set-payload>
            </ee:message>
        </ee:transform>
    </flow>
    <flow name="post:\Bills:retailapi-config">
        <ee:transform xmlns:ee="http://www.mulesoft.org/schema/mule/ee/core" xsi:schemaLocation="http://www.mulesoft.org/schema/mule/ee/core http://www.mulesoft.org/schema/mule/ee/core/current/mule-ee.xsd">
            <ee:message>
                <ee:set-payload><![CDATA[%dw 2.0
output application/json
---
{
  Message: "New Bill is Created"
}]]></ee:set-payload>
            </ee:message>
        </ee:transform>
		<wsc:consume operation="CreateBill" doc:name="Consume" doc:id="18e1147b-d2b7-4fc9-b2b4-06b647073c30" config-ref="Web_Service_Consumer_Config"/>
		<ee:transform doc:name="Transform Message" doc:id="4dc8b96b-79a6-4345-8b01-ff624d200990" >
			<ee:message >
				<ee:set-payload ><![CDATA[%dw 2.0
output application/json
---
payload]]></ee:set-payload>
			</ee:message>
		</ee:transform>
    </flow>
    <flow name="post:\ProductCatagory:retailapi-config">
        <ee:transform xmlns:ee="http://www.mulesoft.org/schema/mule/ee/core" xsi:schemaLocation="http://www.mulesoft.org/schema/mule/ee/core http://www.mulesoft.org/schema/mule/ee/core/current/mule-ee.xsd">
            <ee:message>
                <ee:set-payload><![CDATA[%dw 2.0
output application/json
---
{
  message: " New product Category is created"
}]]></ee:set-payload>
            </ee:message>
        </ee:transform>
		<wsc:consume operation="CreateProductCategory" doc:name="Consume" doc:id="ddfe6e76-8e35-4876-93bd-4a87fe4350a4" config-ref="Web_Service_Consumer_Config"/>
		<ee:transform doc:name="Transform Message" doc:id="a218ddc0-5a1a-460a-aba9-003ba360f4f1" >
			<ee:message >
				<ee:set-payload ><![CDATA[%dw 2.0
output application/json
---
payload]]></ee:set-payload>
			</ee:message>
		</ee:transform>
    </flow>
    <flow name="post:\Products:retailapi-config">
        <ee:transform xmlns:ee="http://www.mulesoft.org/schema/mule/ee/core" xsi:schemaLocation="http://www.mulesoft.org/schema/mule/ee/core http://www.mulesoft.org/schema/mule/ee/core/current/mule-ee.xsd">
            <ee:message>
                <ee:set-payload><![CDATA[%dw 2.0
output application/json
---
{
  message: " product is created"
}]]></ee:set-payload>
            </ee:message>
        </ee:transform>
		<wsc:consume doc:id="aa3c6b54-c1ac-44f0-9e92-fd3d856782a6" config-ref="Web_Service_Consumer_Config" operation="CreateProduct"/>
		<ee:transform doc:name="Transform Message" doc:id="0aa1f3f5-89a4-49e6-8cc2-96da375c3979" >
			<ee:message >
				<ee:set-payload ><![CDATA[%dw 2.0
output application/json
---
payload]]></ee:set-payload>
			</ee:message>
		</ee:transform>
    </flow>
    <flow name="post:\Bills\(Billid):retailapi-config">
        <ee:transform xmlns:ee="http://www.mulesoft.org/schema/mule/ee/core">
            <ee:variables>
                <ee:set-variable variableName="Billid">attributes.uriParams.'Billid'</ee:set-variable>
            </ee:variables>
        </ee:transform>
		<ee:transform xmlns:ee="http://www.mulesoft.org/schema/mule/ee/core" xsi:schemaLocation="http://www.mulesoft.org/schema/mule/ee/core http://www.mulesoft.org/schema/mule/ee/core/current/mule-ee.xsd">
            <ee:message>
                <ee:set-payload><![CDATA[%dw 2.0
output application/json
---
{
  Message: "Created"
}]]></ee:set-payload>
            </ee:message>
        </ee:transform>
    </flow>
    <flow name="post:\ProductCatagory\(productCategoryid):retailapi-config">
        <ee:transform xmlns:ee="http://www.mulesoft.org/schema/mule/ee/core">
            <ee:variables>
                <ee:set-variable variableName="productCategoryid">attributes.uriParams.'productCategoryid'</ee:set-variable>
            </ee:variables>
        </ee:transform>
		<ee:transform xmlns:ee="http://www.mulesoft.org/schema/mule/ee/core" xsi:schemaLocation="http://www.mulesoft.org/schema/mule/ee/core http://www.mulesoft.org/schema/mule/ee/core/current/mule-ee.xsd">
            <ee:message>
                <ee:set-payload><![CDATA[%dw 2.0
output application/json
---
{
  Message: "Created"
}]]></ee:set-payload>
            </ee:message>
        </ee:transform>
    </flow>
</mule>
